,Delta,Empirical ARL,Theoretical ARL,Standard Deviation
0,0.0,378.354,370.3983473449564,0.5002246590542011
1,0.25,267.462,281.1525235677661,0.4997072277094708
2,0.5,163.28,155.22420075262437,0.5000772983706917
3,0.75,84.91,81.21570198816076,0.4998712148101463
4,1.0,42.648,43.894681718539545,0.4996484741206299
5,1.5,14.266,14.967685005613896,0.4998963362493668
6,2.0,6.238,6.302962987143026,0.5001438447705037
